,exp_1,exp_2,exp_3,labels
0,0.2582340732768863,1.0350136141017863,0.30056931378323093,0
1,0.802082680606414,-0.17782788366159696,2.1598968996242505,0
2,0.794097764971583,2.6860571357943037,,0
3,-1.4457434674468694,1.6877545961299063,,10
4,0.49004442788929636,1.5296296211508085,-0.6948767158890874,0
5,2.2392995143171577,-0.18792465919976586,,0
6,1.5431159550841074,0.8722856670621968,-1.233752914559644,0
7,1.0115500227929026,2.964457543296419,1.139603301973982,0
8,2.0450972592781484,0.8335070708725323,0.8864592630270863,0
9,0.518118268227695,-0.37807489605491895,1.8552393914151013,0
10,1.3327190875137596,0.30224569695093995,0.600984717414148,0
11,0.5183979507811225,0.45216430423846454,,10
12,0.6674669743671309,-0.15340826157380194,-0.5620197308968728,0
13,1.7642240580216066,0.2018428836900572,-0.521700350934561,0
14,2.459024486355734,0.23597535429549787,0.8354020056395621,0
15,2.9404575805644306,1.4401729292039458,2.0766117825163133,10
16,0.34295232413810095,0.7382860972903923,-0.5664669998807847,0
17,-1.1788761150463198,0.6172966357412322,1.171983866014378,10
18,1.4833308713909905,1.183340844909782,1.6985345805813172,0
19,1.4140680842711923,-0.209340869642614,1.3280619916266616,0
20,0.7051962919534815,1.8827020353760346,2.041977164551123,0
21,1.7041446787073513,-0.778651648741918,0.9732412631611708,0
22,0.44250201027144365,0.34405455770444104,,0
23,1.3506004182373235,1.9425136730929604,0.2838718473698384,0
24,1.057139935375753,1.8019996183952907,1.1418812018331517,0
25,-0.6130667605827655,1.5731713640980345,0.36663323320562724,0
26,0.09091760747508404,0.8917022231320244,,0
27,0.7366829046664809,2.2096255554758244,1.7207901037948576,0
28,3.6214592523503364,2.0389274356894553,-0.004104447988574567,10
29,0.23874516743716967,2.690014759670378,,0
30,0.8294888976000824,1.6754873073806884,2.0144273387231797,0
31,2.253340752997631,-0.35830840238901795,,0
32,0.5565053583295023,2.34468957742067,1.2291024758845464,0
33,3.1152362291284232,2.628566270577867,3.054314856469227,10
34,1.4255927476451882,0.4381143486742396,,0
35,1.8371414976616929,1.1338425181421112,1.4882495560199682,0
36,-0.1376671259629112,1.7497539701097897,0.11624936940877473,0
37,0.9689995488274796,1.4711650575834594,1.0731689446214847,0
38,2.2287179169054383,-0.4474981515626735,,0
39,-0.271800675004104,1.8593179118809928,2.643932998940506,0
40,0.24149524447477932,0.4989142461309225,,0
41,-1.1299077864311577,1.2076564564732115,1.5762801262176263,10
42,0.47087016969313344,3.5343083674523363,-0.166017404993702,10
43,0.6724300326580988,0.6600857340481655,-0.8436041869629745,0
44,0.5213310931061987,3.034190101327276,1.739524232713679,0
45,0.45734812830158644,0.4028523763816104,,0
46,2.6973160549474096,-0.42214260069579357,1.2937559562841012,10
47,1.7189804549843968,1.9508798187454564,0.18361847755291383,0
48,1.4389509802041434,-2.049852032069315,3.151503539075764,10
49,-0.8768972096875141,3.1458529347549686,0.4393826000731811,10
50,1.0972642957491276,0.6580252111316811,1.1071401828956617,0
51,0.6572922146598901,1.06178187645272,-0.2816648248616922,0
52,1.6697282179229957,-0.1497787027616504,,0
53,0.953517133173293,-0.051539500542054695,0.619420046730675,0
54,1.3670417601116935,2.6434869804733667,,0
55,3.464982519121604,3.0543137891649645,-0.07500566786405227,10
56,-0.21482167337129576,1.0573815871870718,,0
57,1.928799274041702,-0.10023688212852133,-0.6992482064553729,0
58,1.7587999809882673,2.4320308525214984,0.30910368439426317,0
59,-0.7412322370685902,1.6714173170179256,-0.30774518356243186,0
60,-0.7752876323137468,0.7659856917646344,0.014986782686956746,0
61,-0.7932181816626491,1.5090604810783517,0.0019717991784334865,0
62,2.267564721261432,2.1875804512405033,0.1052993148753768,0
63,1.7440766244411496,1.634249898276435,0.7708713688642056,0
64,0.48693899359046255,-0.03889088151007547,0.5489453374771966,0
65,0.24670889996565537,0.04212313589993,0.36326536875914295,0
66,3.4967300863863686,-0.5998022420586413,1.0503343690315907,10
67,3.137983304214222,0.5450191211642779,,10
68,1.641249047728623,0.5606060678108373,1.4070614766322707,0
69,-0.8989108625648448,1.195168756479128,,0
70,2.044362887618337,1.09630636552371,-0.3479790707131849,0
71,1.1561484796528576,0.6487387411403953,,0
72,1.4291026549567192,0.2823505593742779,0.5699512872936388,0
73,1.0695881936203648,1.1721571917619131,1.2553991398203035,0
74,2.6370774131751595,3.0854780936336414,2.296657528275616,10
75,1.3443744718159916,0.06049468676810266,-1.8082887974174868,10
76,0.26029350744645374,0.6044915223054046,0.10553908975110049,0
77,2.0011967989018515,1.3489400367104323,1.864960758319874,0
78,1.4482080198652216,0.1530923181101519,1.5931741104209989,0
79,1.9966491241029238,0.052651746439827174,3.1010714484089372,10
80,0.6106066976211677,-0.5124464227598209,,0
81,1.4516583521322097,1.1584479282769657,2.599700857659273,0
82,-1.276983527514886,1.4688846038559111,1.7445988385332702,10
83,-0.39753349833430707,2.066336378973812,-0.29043574562557595,0
84,0.18816599987374238,1.3079170589475622,0.8920345713927462,0
85,0.9567888999497548,-0.28490284751531725,1.575604326584929,0
86,0.8112990356555271,1.848969606335034,,0
87,2.306832771587532,1.3486368731173346,2.012944706158901,0
88,1.990909135649606,1.5122286837035057,-0.6898680549049463,0
89,1.170442168266608,1.4159787715623908,,0
90,0.9812775447524154,1.41706690911059,3.4852398457599376,10
91,3.379559544208759,2.4701807443800314,0.5938999782633121,10
92,0.298819271892548,0.5630010042383226,,0
93,2.3533197488004927,2.3226178336628527,,0
94,1.442188299789172,3.07146576676188,,10
95,0.850455329253847,2.250580498862965,1.1074974644863411,0
96,1.4356073839278098,-0.2023676596035564,-0.6403833519761661,0
97,0.9249342341429057,2.8846769938143035,0.18076969574671609,0
98,3.2709421474952514,0.8784052770442801,2.12218998288738,10
99,2.074302940132084,1.3920030368918421,1.7772304850111431,0
100,1.5279671375398367,2.022281390792046,6.554907745134783,1
101,1.8740526149313543,1.2504731649426204,7.738116208851796,1
102,1.8689713049819165,3.07294545005092,8.0285511389302,1
103,0.44361779344290153,2.437662015719031,5.8785596410752765,1
104,1.675482817747734,2.3370370316414233,,1
105,2.788645145474555,1.2440479441456036,6.196771943312228,1
106,2.345619244144432,1.9187272426759434,5.578520872552954,1
107,2.007350014504574,3.2501093457340846,7.088838464892534,1
108,2.6650618922679126,1.8940499541916114,,1
109,1.6933479888721696,1.1230432479650516,7.544243249082337,1
110,2.211730328417847,1.5559745344233256,,1
111,1.6935259686788962,1.6513772845153865,8.35067243767189,1
112,1.7883880745972651,1.2660129244530354,6.005987443974718,1
113,2.4863244005592042,1.492081835075491,,1
114,2.9284701276809213,1.5138024981880442,6.895255821770631,1
115,3.2348366421773647,2.2801100458570565,7.685116588874017,1
116,1.581878751724246,1.833454789184795,,1
117,0.6134424722432512,1.7564614954716933,7.109444278372786,1
118,2.307574190885176,2.1166714467607703,7.444522005824474,1
119,2.2634978718089407,1.230419446591064,7.208766721944239,1
120,1.8123976403340338,2.5617194770574767,7.663076377441623,1
121,2.4480920682683145,0.868130768982416,6.982971712920745,1
122,1.6452285519909187,1.5825801730846443,6.963202892611317,1
123,2.223109357060115,2.599781428331884,6.544282084689897,1
124,2.036361777057297,2.5103633935242757,7.090288037530187,1
125,0.9735029705382403,2.364745413516931,6.596948421130854,1
126,1.42149302293869,1.9310832329021974,6.535565199546525,1
127,1.8324345756968516,2.7697617171209794,7.458684611505818,1
128,3.6682013424047595,2.66113564089329,6.361024442189089,1
129,1.5155651065509264,3.0754639379720583,7.200440582224596,1
130,1.891492934836416,2.429855559242256,7.645544670096569,1
131,2.7975804791803105,1.1356219257524431,,1
132,1.7177761371187743,2.855711549267699,7.145792484653803,1
133,3.346059418536269,3.036360354004097,8.307291272298599,1
134,2.2708317485014833,1.642436403701789,6.173557471114312,1
135,2.5327264076028952,2.0851725115449797,7.3107042629217975,1
136,1.2760300107508749,2.477116162797139,6.437613235078311,1
137,1.9802724401629417,2.2998323093712925,7.046562055668217,1
138,2.781911401667097,1.0788648126419353,6.676890776629704,1
139,1.190672297724661,2.5468386711969955,8.046139181143959,1
140,1.5173151555748596,1.6811272475378598,7.01223541131754,1
141,0.6446041359074453,2.13214501775568,7.366723716683944,1
142,1.6632810170774486,3.612741688378759,,1
143,1.7915463844187902,1.7836909216670145,,1
144,1.6953925137948538,3.294484609935539,7.470606329908705,1
145,1.654676081646464,1.6199969667882976,7.291235032382998,1
146,3.080110216784715,1.095000163193586,7.186935608544428,1
147,2.4575330168082523,2.605105339201654,6.480484485715491,1
148,2.279332441948091,0.05918507050134503,8.369138615775485,1
149,0.8056108665624913,3.3655427766622528,6.643243472773842,1
150,2.061895460931263,1.7823796798110698,7.068180116388149,1
151,1.7819132275108391,2.0393157395608217,6.184395111451651,1
152,2.4261906841328154,1.2683226436971318,7.847801702777891,1
153,1.9704199938375502,1.3308384996550562,6.75781275701043,1
154,2.2335720291619867,3.0458553512103244,,1
155,3.5686252394410203,3.307290593104977,6.315905484086512,1
156,1.2269316624000846,2.036515555482682,6.482305902526081,1
157,2.591054083481083,1.2998492568273048,5.918660232255672,1
158,2.4828727151743517,2.911292360695499,6.560338708250895,1
159,0.8919431218654428,2.4272655653750435,6.16779851955118,1
160,0.870271506709434,1.851081803850222,6.373173407164427,1
161,0.8588611571237688,2.323947578868042,,1
162,2.806632095348184,2.7557330144257746,6.430645018557058,1
163,2.4735033064625496,2.4036135716304585,6.854190871095404,1
164,1.6735066322848398,1.338887620857225,6.712965214758216,1
165,1.5206329363417808,1.3904419955726828,6.594805234664909,1
166,3.5888282367913256,0.9819440277808646,,1
167,3.3605348299545046,1.7104667134681768,6.47678163199147,1
168,2.4080675758273054,1.7203856795159873,7.259039121493263,1
169,0.7916021783678262,2.124198299577627,6.718753344654217,1
170,2.6645945648480325,2.061285868969634,6.1421951368188825,1
171,2.0993672143245456,1.7764701079984333,7.48407712574913,1
172,2.2730653258815483,1.543313992329086,6.726332637368679,1
173,2.0442833959402322,2.109554576575763,7.162526725340193,1
174,3.0417765356569197,3.3271224232214083,7.825145699811755,1
175,2.219147391155631,1.4021329824887927,5.212907128916145,1
176,1.5292776865568343,1.748312786921621,,1
177,2.637125235664814,2.2220527506339116,7.550429573476284,1
178,2.2852232853687773,1.4610587478882786,,1
179,2.63423126079277,1.3971420204617082,8.337045467169323,1
180,1.7522042621225613,1.0375340946073868,6.549467118016977,1
181,2.2874189513568606,2.1008304998126146,8.017991454874082,1
182,0.5510104824905273,2.2983811115446704,7.473835624521172,1
183,1.1106605010599866,2.678577695710608,6.178813616420088,1
184,1.4833783635560178,2.1959472193302667,6.931294727249929,1
185,1.9725020272407532,1.1823345515811619,7.366293662372228,1
186,1.8799175681444262,2.5402533858495673,7.576452907774612,1
187,2.8316208546466113,2.221859828347395,7.644601176646574,1
188,2.6305785408679307,2.325963707811322,5.924629419605943,1
189,2.108463197987841,2.2647137637215216,6.378549976658921,1
190,1.9880857102969915,2.265406214888557,8.581516265483597,1
191,3.514265164496483,2.9355695646054745,6.74157271344029,1
192,1.5537940821134397,1.7219097299698416,6.906983595689131,1
193,2.8612034765094045,2.841665894149088,6.728871227814434,1
194,2.281392554411291,3.318205487939378,6.0565686572002875,1
195,1.9048352095251755,2.7958239538218868,7.068407477400399,1
196,2.2772046988631516,1.234856943888646,,1
197,1.952230876272758,3.199339905154557,6.4786716245660925,1
198,3.4451450029515236,1.9226215399372693,7.71412089820106,1
199,2.683647325538599,2.2494564780220814,7.494601217734363,1
200,2.5954004036055744,8.01909833496461,,3
201,2.8920450985125896,7.357548427093675,,3
202,2.8876896899844997,8.919667528615074,5.881615261940171,3
203,1.665958108665344,8.375138870616313,4.038765406635951,3
204,2.7218424152123433,8.288888884264077,4.075521791333225,3
205,3.675981553263904,7.352041094981946,4.3115188085533385,3
206,3.296245066409513,7.93033763657938,3.781589319331103,3
207,3.0063000124324923,9.0715222963435,5.076147255622172,3
208,3.5700530505153534,7.909185675021381,,3
209,2.737155419033288,7.248322783970044,5.466494213499146,3
210,3.181483138643869,7.619406743791422,4.782355300407717,3
211,2.7373079731533396,7.701180529584617,6.157719232290192,3
212,2.8186183496547987,7.3708682209597445,4.147989237692615,3
213,3.4168494861936036,7.5646415729218495,4.169981626762967,3
214,3.795831538012218,7.583259284161181,4.910219275803398,3
215,4.058431407580598,8.240094325020333,5.587242790463444,3
216,2.6416103586207824,7.857246962158396,4.145563454610481,3
217,1.8115221190656439,7.791252710404309,5.093809381462388,3
218,3.263635020758722,8.100004097223517,5.381018862135264,3
219,3.2258553186933776,7.340359525649483,5.178942904523634,3
220,2.839197977429172,8.481473837477838,5.568351180664249,3
221,3.3840789156585553,7.029826373413499,4.985404325360639,3
222,2.6959101874207874,7.642211576929695,,3
223,3.1912365917658128,8.514098367141615,,3
224,3.0311672374776832,8.437454337306523,5.077389746454446,3
225,2.1201454033184914,8.312638925871655,4.65452721811216,3
226,2.5041368768045915,7.940928485344741,4.601913028182736,3
227,2.8563724934544443,8.659795757532267,5.393158238433559,3
228,4.429886864918365,8.566687692194249,,10
229,2.584770091329365,8.92182623254748,5.171806213335368,3
230,2.9069939441454995,8.368447622207649,5.553324002939916,3
231,3.6836404107259804,7.259104507787809,,3
232,2.758093831816092,8.733467042229456,,3
233,4.153765215888231,8.888308874860655,6.120535376255942,3
234,3.2321414987155572,7.693516917458676,4.291620689526553,3
235,3.456622635088196,8.073005009895697,5.266317939647255,3
236,2.3794542949293214,8.408956710968976,4.517954201495695,3
237,2.983090662996807,8.25699912231825,5.0399103334299005,3
238,3.6702097728575116,7.210455553693087,4.723049237111175,3
239,2.3062905409068524,8.468718861025996,5.896690726694821,3
240,2.58627013334988,7.726680497889594,,3
241,1.8382321164920958,8.113267158076297,5.314334614300523,3
242,2.7113837289235274,9.382350018610365,4.363990506367072,3
243,2.821325472358963,7.814592218571726,,3
244,2.7389078689670177,9.109558237087604,5.403376854207461,3
245,2.7040080699826836,7.6742831143899695,5.249630027756855,3
246,3.9258087572440417,7.224285854165931,5.16023052160951,3
247,3.392171157264216,8.518661719315704,,3
248,3.239427807384078,6.33644434614401,6.1735473849504165,3
249,1.9762378856249925,9.170465237139073,4.694208690949008,3
250,3.053053252226797,7.813468296980917,5.05844009976127,3
251,2.8130684807235764,8.033699205337847,4.300910095529986,3
252,3.3653063006852704,7.372847980311827,5.72668717380962,3
253,2.9746457090036142,7.426432999704334,4.792410934580368,3
254,3.2002045964245602,8.896447443894564,4.876905041740519,3
255,4.344535919520874,9.12053479408998,4.413633272074153,10
256,2.3373699963429297,8.031299047556585,4.556262202165212,3
257,3.506617785840928,7.399870791566261,4.073137341933434,3
258,3.413890898720873,8.781107737739,4.6231474642150525,3
259,2.0502369615989506,8.366227627464323,4.286684445329582,3
260,2.031661291465229,7.8723558318716185,4.462720063283795,3
261,2.0218809918203733,8.277669353315465,,3
262,3.691398938869872,8.647771155222092,4.511981444477478,3
263,3.4058599769679,8.345954489968964,4.875020746653203,3
264,2.720148541958434,7.43333224644905,,3
265,2.589113945435812,7.477521710490871,4.6526902011413505,3
266,4.361852774392565,7.127380595240741,5.027455110380868,3
267,4.166172711389575,7.751828611544152,4.5515271131355455,3
268,3.3497722078519763,7.760330582442275,,3
269,1.9642304386009939,8.106455685352252,4.7589314382750425,3
270,3.5696524841554567,8.052530744831115,4.264738688701899,3
271,3.085171897992468,7.808402949712943,5.414923250642112,3
272,3.2340559936127558,7.608554850567788,4.765427974887439,3
273,3.0379571965201992,8.093903922779225,5.139308621720166,3
274,3.89295131627736,9.13753350561835,5.70726774269579,3
275,3.1878406209905408,7.4875425564189655,,3
276,2.5965237313344294,7.784268103075675,,3
277,3.546107344855555,8.190330929114781,5.471796777265386,3
278,3.2444771017446663,7.53805035533281,5.32354951477509,3
279,3.543626794965231,7.483264588967178,6.14603897185942,3
280,2.78760365324791,7.175029223949188,4.613828958300266,3
281,3.2463591011630233,8.086426142696526,5.872564104177785,3
282,1.7580089849918805,8.255755238466861,,3
283,2.23770900090856,8.581638024894806,,3
284,2.557181454476587,8.167954759425943,4.941109766214225,3
285,2.9764303090635025,7.299143901355282,5.313965996319052,3
286,2.897072201266651,8.463074330728201,5.4941024923782384,3
287,3.712817875411381,8.19016556715491,5.552515294268491,3
288,3.5404958921725123,8.279397463838276,,3
289,3.09296845541815,8.226897511761305,4.467328551421932,3
290,2.9897877516831355,8.22749104133305,,3
291,4.2979415695684136,8.801916769661835,4.7784908972345335,3
292,2.6175377846686625,7.7616369114027215,,3
293,3.7381744084366324,8.721427909270647,4.767603909555229,3
294,3.241193618066821,9.129890418233753,4.191344563314532,3
295,2.9184301795930074,8.682134817561618,5.058634980628914,3
296,3.237604027596987,7.344163094761696,4.105245444376637,3
297,2.9590550368052213,9.02800563298962,4.553147106770936,3
298,4.238695716815592,7.933675605660516,5.61210362702948,3
299,3.585983421890228,8.21381983830464,5.423943900915169,3
300,4.460533871474099,9.02546444661948,2.491323137296895,4
301,4.8560601313501195,8.143397902791566,3.8435613815449092,10
302,4.850252919979333,10.226223371486766,4.175487015920228,4
303,3.2212774782204585,9.50018516082175,1.7183538755146017,10
304,4.629123220283125,9.38518517901877,1.7673623884443002,4
305,5.901308737685206,8.136054793309262,2.0820250780711183,4
306,5.3949934218793505,8.907116848772507,,4
307,5.0084000165766565,10.428696395124668,3.101529674162896,4
308,5.760070734020472,8.878914233361842,2.9174249185651537,4
309,4.649540558711051,7.997763711960059,,10
310,5.241977518191825,8.49254232505523,2.7098070672102894,4
311,4.649743964204453,8.601574039446156,4.543625643053589,10
312,4.758157799539732,8.161157627946325,1.8639856502568197,4
313,5.555799314924805,8.419522097229132,1.8933088356839556,4
314,6.061108717349624,8.444345712214908,2.8802923677378636,4
315,6.411241876774131,9.320125766693778,3.7829903872845914,10
316,4.52214714482771,8.809662616211195,1.8607512728139748,4
317,3.4153628254208583,8.721670280539078,,10
318,5.351513361011629,9.133338796298023,3.508025149513685,4
319,5.301140424924504,8.120479367532644,3.2385905393648446,4
320,4.785597303238895,9.641965116637117,3.7578015742189983,4
321,5.512105220878073,7.7064351645513325,2.9805391004808515,4
322,4.59454691656105,8.522948769239594,2.957946162984363,4
323,5.254982122354417,9.685464489522152,2.4791795253598825,4
324,5.041556316636911,9.58327244974203,3.1031863286059287,4
325,3.8268605377579887,9.416851901162207,,4
326,4.338849169072788,8.921237980459654,2.469217370910314,4
327,4.8084966579392585,9.87972767670969,3.5242109845780782,4
328,6.906515819891154,9.75558358959233,,10
329,4.4463601217724875,10.229101643396639,3.2290749511138235,4
330,4.875991925527333,9.491263496276865,3.7377653372532214,4
331,5.911520547634641,8.012139343717077,3.3218733129420395,4
332,4.6774584424214565,9.977956056305942,3.166619982461488,4
333,6.538353621184308,10.18441183314754,,10
334,5.309521998287409,8.591355889944902,2.0554942527020703,4
335,5.608830180117595,9.097340013194263,3.3550905861963405,4
336,4.172605726572428,9.545275614625302,2.3572722686609273,4
337,4.977454217329076,9.342665496424335,,4
338,5.893613030476683,7.947274071590783,2.630732316148233,4
339,4.07505405454247,9.624958481367994,4.195587635593095,4
340,4.44836017779984,8.635573997186125,3.0139833272200454,4
341,3.4509761553227944,9.151022877435063,3.4191128190673643,10
342,4.61517830523137,10.843133358147153,,10
343,4.7617672964786175,8.752789624762302,1.6591969549360186,4
344,4.65187715862269,10.479410982783474,3.5378358056099484,4
345,4.6053440933102445,8.565710819186625,3.3328400370091407,4
346,6.234411676325388,7.965714472221241,3.2136406954793464,10
347,5.5228948763522885,9.691548959087605,2.406267983674846,4
348,5.319237076512104,6.7819257948586795,,10
349,3.63498384749999,10.560620316185432,2.592278254598677,10
350,5.070737669635729,8.751291062641222,3.0779201330150268,4
351,4.750757974298102,9.044932273783797,2.0678801273733147,4
352,5.487075067580361,8.163797307082437,3.9689162317461606,4
353,4.966194278671486,8.235243999605778,,4
354,5.266939461899414,10.195263258526085,2.835873388987359,4
355,6.792714559361166,10.494046392119975,2.2181776960988713,10
356,4.116493328457239,9.04173206340878,,4
357,5.675490381121238,8.199827722088347,1.7641831225779105,4
358,5.55185453162783,10.041476983651998,2.4975299522867367,4
359,3.7336492821319345,9.488303503285763,2.048912593772777,4
360,3.708881721953639,8.829807775828826,2.2836267510450594,4
361,3.6958413224271642,9.370225804420619,,4
362,5.921865251826496,9.863694873629457,,4
363,5.5411466359572,9.461272653291953,2.8333609955376042,4
364,4.626864722611246,8.2444429952654,2.671960245437961,4
365,4.452151927247749,8.303362280654495,2.5369202681884677,4
366,6.815803699190086,7.836507460320988,3.036606813841157,10
367,6.554896948519434,8.669104815392203,2.402036150847394,10
368,5.466362943802634,8.6804407765897,3.296044710278015,4
369,3.6189739181346585,9.141940913803003,2.6785752510333904,4
370,5.759536645540608,9.070040993108153,2.0196515849358656,4
371,5.1135625306566235,8.744537266283924,3.553231000856149,4
372,5.312074658150341,8.478073134090383,2.687237299849919,4
373,5.050609595360266,9.1252052303723,,4
374,6.19060175503648,10.516711340824466,,10
375,5.250454161320721,8.31672340855862,0.9576081473327371,10
376,4.462031641779239,8.712357470767566,2.3494829743644368,4
377,5.728143126474073,9.253774572153041,3.629062369687181,4
378,5.325969468992889,8.384067140443747,3.431399353033454,4
379,5.7248357266203085,8.311019451956238,4.528051962479227,10
380,4.716804870997213,7.900038965265585,2.4851052777336875,4
381,5.328478801550698,9.115234856928703,4.16341880557038,4
382,3.344011979989174,9.341006984622481,3.5415264280241967,10
383,3.983612001211413,9.775517366526408,2.061501275908672,4
384,4.409575272635449,9.22393967923459,,4
385,4.968573745418004,8.065525201807041,3.4186213284254032,4
386,4.862762935022202,9.617432440970934,,4
387,5.950423833881842,9.253554089539879,3.7366870590246553,4
388,5.72066118956335,9.372529951784369,1.771005050978221,4
389,5.123957940557533,9.30253001568174,2.28977140189591,4
390,4.986383668910848,9.303321388444065,4.807447160552682,10
391,6.730588759424552,10.069222359549114,2.704654529646045,10
392,4.490050379558217,8.682182548536963,2.8936955379304354,4
393,5.984232544582177,9.96190387902753,2.690138546073638,4
394,5.321591490755761,10.506520557645004,1.9217927510860429,10
395,4.8912402394573435,9.909513090082156,3.0781799741718845,4
396,5.316805370129316,8.125550793015595,1.8069939258355154,4
397,4.945406715740295,10.370674177319493,2.404196142361248,4
398,6.6515942890874555,8.911567474214023,,10
399,5.78131122918697,9.285093117739521,3.565258534553559,4
400,8.393100605408362,10.028647502446915,0.42773852945900714,8
401,8.838067647768884,9.036322640640511,1.949006554238023,8
402,8.83153453497675,11.379501292922612,2.3224228929102564,8
403,6.998937162998017,10.562708305924469,-0.44185189004607284,10
404,8.582763622818515,10.433333326396117,-0.38671731300016243,8
405,10.013972329895857,9.028061642472919,-0.0327217871699923,8
406,9.444367599614269,9.89550645486907,,8
407,9.009450018648739,11.607283444515252,1.1142208834332579,8
408,9.855079575773031,9.863778512532072,0.9071030333857979,8
409,8.605733128549932,8.872484175955066,,8
410,9.272224707965803,9.429110115687132,0.6735329506115757,8
411,8.60596195973001,9.551770794376926,2.736578848435287,10
412,8.727927524482197,9.056302331439616,-0.2780161434610777,8
413,9.625274229290405,9.346962359382774,-0.2450275598555498,8
414,10.193747307018327,9.374888926241772,0.8653289137050963,8
415,10.587647111370897,10.360141487530502,1.8808641856951653,10
416,8.462415537931173,9.785870443237593,-0.2816548180842784,8
417,7.217283178598466,9.686879065606462,1.140714072193582,10
418,9.395452531138083,10.150006145835276,1.5715282932028958,8
419,9.338782978040067,9.010539288474225,1.2684143567854504,8
420,8.758796966143757,10.722210756216755,1.852526770996373,8
421,9.576118373487834,8.544739560120249,,8
422,8.54386528113118,9.463317365394543,,8
423,9.286854887648719,10.771147550712422,0.41407696602986777,8
424,9.046750856216525,10.656181505959783,1.1160846196816696,8
425,7.680218104977738,10.468958388807483,0.4817908271682405,8
426,8.256205315206888,9.91139272801711,0.4028695422741033,8
427,8.784558740181666,10.989693636298401,1.5897373576503382,8
428,11.144830297377547,10.850031538291372,0.17845999710025728,10
429,8.377155136994048,11.382739348821218,1.2577093200030516,8
430,8.860490916218248,10.552671433311472,1.8299860044098741,8
431,10.02546061608897,8.888656761681712,1.362107477059794,8
432,8.637140747724139,11.100200563344185,1.1874474802691743,8
433,10.730647823832346,11.332463312290981,2.680803064383913,10
434,9.348212248073336,9.540275376188013,-0.0625689657101709,8
435,9.684933952632294,10.109507514843546,1.399476909470883,8
436,8.069181442393981,10.613435066453464,0.276931302243543,8
437,8.97463599449521,10.385498683477376,1.0598655001448511,8
438,10.005314659286267,8.815683330539631,0.5845738556667619,8
439,7.959435811360279,10.703078291538993,2.345036090042232,8
440,8.37940520002482,9.59002074683439,,8
441,7.257348174738143,10.169900737114446,,10
442,8.56707559338529,12.073525027915547,0.04598575955060746,10
443,8.731988208538445,9.72188832785759,,8
444,8.608361803450526,11.664337355631407,1.6050652813111919,8
445,8.556012104974025,9.511424671584955,,8
446,10.388713135866062,8.836428781248896,1.2403457824142645,10
447,9.588256735896325,10.777992578973555,0.3320514816342023,8
448,9.359141711076116,7.5046665192160145,,10
449,7.464356828437489,11.755697855708611,0.5413130364235119,10
450,9.079579878340196,9.720202445471376,1.0876601496419052,8
451,8.719602721085364,10.050548808006772,-0.04863485670502077,8
452,9.547959451027905,9.05927197046774,2.0900307607144306,8
453,8.96196856350542,9.139649499556501,0.6886164018705523,8
454,9.30030689463684,11.344671165841845,0.8153575626107792,8
455,11.016803879281312,11.68080219113497,0.12044990811123002,10
456,8.006054994514395,10.046948571334877,,8
457,9.759926678761392,9.099806187349392,-0.3902939870998505,8
458,9.62083634808131,11.171661606608499,0.434721196322579,8
459,7.575355442398426,10.549341441196484,-0.06997333200562594,8
460,7.547491937197844,9.808533747807427,0.1940800949256919,8
461,7.53282148773056,10.416504029973197,0.18343147205508203,8
462,10.037098408304807,10.97165673283314,0.2679721667162174,8
463,9.60878996545185,10.518931734953448,0.8125311199798047,8
464,8.58022281293765,9.149998369673575,0.6309552761177064,8
465,8.383670918153719,9.216282565736307,0.479035301712026,8
466,11.042779161588847,8.691070892861111,1.0411826655713015,10
467,10.749259067084363,9.627742917316228,0.327290669703318,10
468,9.524658311777964,9.640495873663411,1.3330502990627668,8
469,7.446345657901491,10.159683528028378,0.6383971574125643,8
470,9.854478726233184,10.078796117246672,-0.1028919669471513,8
471,9.127757846988702,9.712604424569415,1.622384875963168,8
472,9.351083990419134,9.412832275851683,0.6481419623311591,8
473,9.056935794780298,10.140855884168838,,8
474,10.339426974416039,11.706300258427525,2.0609016140436855,10
475,9.281760931485811,9.231313834628448,-1.297690834250671,10
476,8.394785597001643,9.676402154613513,0.2681683461599913,8
477,9.819161017283333,10.285496393672172,1.7076951658980786,8
478,9.366715652617,9.307075532999216,,8
479,9.815440192447847,9.224896883450768,2.7190584577891306,10
480,8.681405479871865,8.762543835923783,,8
481,9.369538651744534,10.12963921404479,2.3088461562666778,8
482,7.1370134774878204,10.383632857700292,1.609217231527221,10
483,7.85656350136284,10.87245703734221,,8
484,8.33577218171488,10.251932139138914,0.9116646493213378,8
485,8.964645463595254,8.948715852032922,1.4709489944785783,8
486,8.845608301899977,10.6946114960923,,8
487,10.069226813117071,10.285248350732365,1.828772941402737,8
488,9.810743838258768,10.419096195757414,-0.3826193176495014,8
489,9.139452683127224,10.340346267641957,0.20099282713289846,8
490,8.984681627524704,10.341236561999574,3.033378055621767,10
491,10.946912354352621,11.202875154492753,0.6677363458518007,10
492,8.426306677002994,9.642455367104082,0.88040748017174,8
493,10.107261612654948,11.08214186390597,0.6514058643328429,8
494,9.361790427100232,11.69483562735063,-0.21298315502820175,10
495,8.877645269389511,11.023202226342425,1.08795247094337,8
496,9.35640604139548,9.016244642142544,-0.34213183343504494,8
497,8.938582555207832,11.54200844948443,,8
498,10.858043575223387,9.900513408490774,1.9181554405442198,10
499,9.878975132835341,10.320729757456961,1.6359158513727534,8
500,5.662833669671312,10.015915279137175,9.68207696081056,7
501,5.910037582093825,9.464623689244728,10.527225863465569,7
502,5.906408074987083,10.766389607179228,10.734679384950143,7
503,4.888298423887787,10.312615725513593,,10
504,5.768202012676953,10.240740736886732,9.229601492777688,7
505,6.5633179610532535,9.460034245818289,9.426265673794449,7
506,6.246870888674594,9.941948030482816,,7
507,6.0052500103604105,10.892935246952918,10.06345604635181,7
508,6.475044208762795,9.924321395851152,,7
509,5.780962849194407,9.373602319975037,10.388745177915956,7
510,6.151235948869891,9.682838953159518,9.81862941700643,7
511,5.781089977627783,9.750983774653848,10.964766026908492,10
512,5.848848624712332,9.475723517466454,,7
513,6.347374571828003,9.637201310768209,9.308318022302473,7
514,6.663192948343515,9.652716070134318,9.925182729836164,7
515,6.882026172983832,10.200078604183611,10.489368992052869,10
516,5.701341965517319,9.881039135131996,9.287969545508734,7
517,5.0096017658880365,9.826043925336924,10.07817448455199,10
518,6.219695850632268,10.083336747686264,10.317515718446053,7
519,6.1882127655778145,9.450299604707903,10.149119087103028,7
520,5.86599831452431,10.401228197898197,10.473625983886874,7
521,6.320065763048796,9.191521977844582,9.987836937800532,7
522,5.7465918228506565,9.701842980774746,9.973716351865226,7
523,6.159363826471511,10.428415305951345,,7
524,6.025972697898069,10.364545281088768,10.064491455378706,7
525,5.266787836098743,10.26053243822638,,7
526,5.586780730670493,9.950773737787284,,7
527,5.880310411212037,10.549829797943557,10.3276318653613,7
528,7.191572387431971,10.472239743495207,9.54358888727792,10
529,5.6539750761078045,10.768188527122899,10.14317184444614,7
530,5.922494953454583,10.30703968517304,,7
531,6.56970034227165,9.382587089823174,10.201170820588775,7
532,5.79841152651341,10.611222535191214,10.10413748903843,7
533,6.9614710132401925,10.740257395717212,10.933779480213285,10
534,6.193451248929631,9.744597431215563,,7
535,6.3805188625734965,10.060837508246415,10.221931616372713,7
536,5.482878579107767,10.340797259140814,9.59829516791308,7
537,5.985908885830672,10.214165935265209,,7
538,6.558508144047926,9.34204629474424,9.769207697592645,7
539,5.421908784089044,10.390599050854997,10.747242272245684,7
540,5.6552251111249,9.772233748241328,,7
541,5.031860097076747,10.094389298396914,10.261945511917103,10
542,5.7594864407696065,11.151958348841971,9.469992088639227,10
543,5.851104560299136,9.84549351547644,9.161998096835012,7
544,5.7824232241391815,10.924631864239672,10.336147378506217,7
545,5.753340058318903,9.728569261991641,10.208025023130713,7
546,6.7715072977033675,9.353571545138276,10.133525434674592,10
547,6.32680929772018,10.432218099429752,9.628917489796779,7
548,6.199523172820065,8.613703621786675,10.977956154125348,10
549,5.146864904687494,10.975387697615895,,10
550,6.04421104352233,9.844556914150765,10.048700083134392,7
551,5.844223733936314,10.028082671114873,9.417425079608321,7
552,6.304421917237725,9.477373316926522,10.60557264484135,7
553,5.978871424169679,9.522027499753612,,7
554,6.166837163687133,10.747039536578804,9.8974208681171,7
555,7.120446599600729,10.933778995074984,,10
556,5.447808330285775,10.026082539630487,9.630218501804343,7
557,6.422181488200773,9.499892326305218,9.227614451611194,7
558,6.344909082267394,10.650923114782499,9.68595622017921,7
559,5.208530801332459,10.305189689553602,9.405570371107986,7
560,5.193051076221025,9.893629859893016,,7
561,5.184900826516977,10.231391127762887,9.54635081780838,7
562,6.57616578239156,10.53980929601841,,7
563,6.33821664747325,10.288295408307471,9.895850622211002,7
564,5.766790451632028,9.527776872040874,9.794975153398726,7
565,5.657594954529843,9.564601425409059,9.710575167617792,7
566,7.134877311993804,9.272817162700617,,10
567,6.971810592824646,9.793190509620127,9.626272594279621,10
568,6.291476839876647,9.800275485368562,10.185027943923759,7
569,5.136858698834161,10.088713071126877,9.79910953189587,7
570,6.474710403462881,10.043775620692596,9.387282240584916,7
571,6.07097658166039,9.840335791427453,10.345769375535093,7
572,6.195046661343963,9.67379570880649,9.8045233124062,7
573,6.031630997100166,10.078253268982687,10.116090518100139,7
574,6.7441260968978,10.947944588015291,,10
575,6.156533850825451,9.572952130349137,8.723505092082961,10
576,5.663769776112025,9.820223419229729,9.593426858977773,7
577,6.455089454046296,10.158609107595652,10.393163981054489,7
578,6.203730918120555,9.615041962777342,10.269624595645908,7
579,6.453022329137693,9.569387157472649,10.955032476549517,10
580,5.823003044373258,9.312524353290991,9.678190798583556,7
581,6.205299250969186,10.07202178558044,10.727136753481487,7
582,4.965007487493233,10.213129365389051,10.338454017515122,10
583,5.3647575007571335,10.484698354079006,9.41343829744292,7
584,5.630984545397156,10.139962299521619,9.950924805178522,7
585,5.980358590886252,9.415953251129402,10.261638330265876,7
586,5.9142268343888755,10.385895275606833,10.411752076981866,7
587,6.594014896176151,10.158471305962426,10.46042941189041,7
588,6.450413243477094,10.23283121986523,,7
589,6.077473712848458,10.189081259801087,9.556107126184944,7
590,5.99148979306928,10.18957586777754,,10
591,7.081617974640345,10.668263974718196,9.815409081028779,10
592,5.6812814872238855,9.801364092835602,9.933559711206522,7
593,6.615145340363861,10.601189924392205,9.806336591296024,7
594,6.200994681722351,10.941575348528128,9.326120469428776,10
595,5.93202514966084,10.568445681301348,10.048862483857429,7
596,6.1980033563308226,9.453469245634746,9.254371203647198,7
597,5.965879197337684,10.856671360824683,9.62762258897578,7
598,7.03224643067966,9.944729671383763,,10
599,6.488319518241856,10.1781831985872,10.353286584095974,7
600,1.190800807211149,10.03819666992922,7.236984705945343,6
601,1.7840901970251788,8.71509685418735,9.265342072317363,6
602,1.7753793799689996,11.83933505723015,9.763230523880342,6
603,-0.6680837826693118,10.750277741232624,6.077530813271903,6
604,1.443684830424687,10.577777768528154,6.15104358266645,6
605,3.3519631065278084,8.704082189963891,6.623037617106677,3
606,2.592490132819026,9.86067527315876,5.563178638662206,3
607,2.0126000248649847,12.143044592687001,8.152294511244344,6
608,3.140106101030707,9.818371350042762,7.876137377847731,6
609,1.4743108380665764,8.496645567940089,,6
610,2.362966277287738,9.238813487582844,7.564710600815435,6
611,1.4746159463066792,9.402361059169234,10.315438464580383,6
612,1.6372366993095973,8.741736441919489,6.29597847538523,3
613,2.8336989723872072,9.129283145843699,6.339963253525934,3
614,3.591663076024436,9.166518568322362,7.820438551606795,6
615,4.116862815161197,10.480188650040668,9.174485580926888,6
616,1.2832207172415648,9.714493924316791,6.291126909220962,6
617,-0.37695576186871227,9.582505420808618,8.187618762924776,6
618,2.5272700415174443,10.200008194447035,,6
619,2.451710637386755,8.680719051298967,8.357885809047268,6
620,1.6783959548583436,10.962947674955673,9.136702361328497,6
621,2.7681578313171107,8.059652746826998,7.970808650721278,6
622,1.391820374841575,9.28442315385939,7.936919244476544,6
623,2.3824731835316255,11.02819673428323,7.218769288039824,6
624,2.062334474955367,10.874908674613044,8.154779492908892,6
625,0.24029080663698332,10.625277851743311,7.30905443622432,6
626,1.0082737536091828,9.881856970689482,7.203826056365471,6
627,1.7127449869088882,11.319591515064536,,6
628,4.85977372983673,11.133375384388497,6.90461332946701,6
629,1.1695401826587306,11.843652465094957,8.343612426670736,6
630,1.813987888290999,10.736895244415296,,6
631,3.3672808214519607,8.518209015575618,,6
632,1.5161876636321845,11.466934084458913,8.249929973692232,6
633,4.3075304317764616,11.776617749721309,10.241070752511884,10
634,2.4642829974311145,9.387033834917352,,3
635,2.9132452701763922,10.146010019791394,8.53263587929451,6
636,0.7589085898586425,10.817913421937952,7.0359084029913905,6
637,1.966181325993614,10.5139982446365,8.079820666859801,6
638,3.340419545715023,8.420911107386175,7.4460984742223495,6
639,0.6125810818137047,10.937437722051992,9.793381453389642,6
640,1.1725402666997593,9.453360995779189,8.020974990830068,6
641,-0.32353576701580833,10.226534316152595,8.628669228601046,6
642,1.4227674578470548,12.76470003722073,6.727981012734143,6
643,1.642650944717926,9.629184437143453,5.988795432404029,6
644,1.477815737934035,12.21911647417521,8.806753708414922,6
645,1.4080161399653672,9.348566228779939,8.49926005551371,6
646,3.851617514488083,8.448571708331862,8.32046104321902,6
647,2.7843423145284327,11.037323438631407,7.10940197551227,6
648,2.478855614768156,6.672888692288019,10.347094769900833,10
649,-0.04752422875001505,12.340930474278148,7.388417381898016,6
650,2.1061065044535936,9.626936593961833,8.11688019952254,6
651,1.6261369614471528,10.067398410675695,6.601820191059972,6
652,2.7306126013705407,8.745695960623655,9.45337434761924,6
653,1.9492914180072287,8.852865999408667,7.584821869160736,6
654,2.40040919284912,11.792894887789128,7.753810083481039,6
655,4.689071839041749,12.241069588179961,6.827266544148307,6
656,0.6747399926858593,10.06259809511317,7.112524404330424,6
657,3.0132355716818564,8.799741583132523,6.146274683866866,3
658,2.8277817974417463,11.562215475477998,7.246294928430105,6
659,0.10047392319790172,10.732455254928647,6.573368890659165,6
660,0.06332258293045823,9.744711663743237,6.925440126567589,6
661,0.04376198364074657,10.555338706630929,6.911241962740109,6
662,3.382797877739744,11.295542310444185,7.023962888954957,6
663,2.8117199539357998,10.69190897993793,7.750041493306406,6
664,1.4402970839168683,8.8666644928981,7.507940368156942,6
665,1.1782278908716242,8.955043420981742,,6
666,4.723705548785129,8.254761190481481,8.054910220761736,6
667,4.3323454227791505,9.503657223088304,7.103054226271091,6
668,2.6995444157039525,9.52066116488455,8.444067065417023,6
669,-0.07153912279801222,10.212911370704504,7.517862876550086,6
670,3.139304968310913,10.10506148966223,,6
671,2.1703437959849357,9.616805899425886,8.829846501284225,6
672,2.4681119872255115,9.217109701135575,7.530855949774879,6
673,2.075914393040398,10.187807845558451,8.278617243440332,6
674,3.78590263255472,12.2750670112367,9.41453548539158,6
675,2.3756812419810815,8.975085112837931,4.936412220999106,3
676,1.1930474626688587,9.56853620615135,7.024224461546655,6
677,3.0922146897111102,10.380661858229562,8.943593554530771,6
678,2.4889542034893326,9.07610071066562,8.64709902955018,6
679,3.0872535899304623,8.966529177934357,10.29207794371884,6
680,1.5752073064958192,8.350058447898377,7.227657916600531,6
681,2.4927182023260466,10.172852285393054,,6
682,-0.48398203001623896,10.51151047693372,,6
683,0.4754180018171197,11.163276049789614,6.5922519138630085,6
684,1.1143629089531735,10.335909518851885,7.882219532428451,6
685,1.9528606181270052,8.598287802710564,8.627931992638104,6
686,1.7941444025333022,10.9261486614564,8.988204984756477,6
687,3.425635750822762,10.38033113430982,9.105030588536982,6
688,3.0809917843450245,10.558794927676551,6.156507576467332,6
689,2.1859369108362996,10.45379502352261,6.934657102843865,6
690,1.9795755033662712,10.454982082666097,10.711170740829022,6
691,4.595883139136827,11.60383353932367,,6
692,1.2350755693373252,9.523273822805443,7.840543306895653,6
693,3.476348816873265,11.442855818541293,7.5352078191104575,6
694,2.482387236133642,12.259780836467506,6.382689126629065,6
695,1.836860359186015,11.364269635123234,,6
696,2.475208055193974,8.688326189523393,6.210490888753274,3
697,1.9181100736104426,12.05601126597924,7.106294213541872,6
698,4.477391433631183,9.867351211321033,9.22420725405896,10
699,3.1719668437804556,10.427639676609282,8.847887801830337,6
700,7.258234073276887,6.0350136141017865,0.30056931378323093,5
701,7.802082680606414,4.822172116338403,,5
702,7.794097764971583,7.686057135794304,2.6162946468903137,10
703,5.554256532553131,6.687754596129906,,5
704,7.490044427889297,6.529629621150809,,5
705,9.239299514317157,4.812075340800234,-0.26221551765221274,5
706,8.543115955084108,5.872285667062197,-1.233752914559644,5
707,8.011550022792903,7.964457543296419,1.139603301973982,10
708,9.045097259278148,5.833507070872533,0.8864592630270863,5
709,7.518118268227695,4.621925103945081,1.8552393914151013,5
710,8.332719087513759,5.30224569695094,0.600984717414148,5
711,7.5183979507811225,5.452164304238464,3.1224852591986845,5
712,7.667466974367131,4.8465917384261985,-0.5620197308968728,5
713,8.764224058021606,5.201842883690057,,5
714,9.459024486355734,5.235975354295498,,5
715,9.94045758056443,6.440172929203945,2.0766117825163133,5
716,7.342952324138101,5.738286097290392,-0.5664669998807847,5
717,5.82112388495368,5.617296635741232,1.171983866014378,5
718,8.48333087139099,6.1833408449097815,1.6985345805813172,5
719,8.414068084271193,4.790659130357386,1.3280619916266616,5
720,7.705196291953482,6.882702035376035,,5
721,8.704144678707351,4.221348351258082,0.9732412631611708,10
722,7.442502010271443,5.344054557704441,,5
723,8.350600418237324,6.94251367309296,0.2838718473698384,5
724,8.057139935375753,6.801999618395291,1.1418812018331517,5
725,6.3869332394172345,6.573171364098035,0.36663323320562724,5
726,7.090917607475084,5.891702223132024,0.2701738850016818,5
727,7.736682904666481,7.209625555475824,1.7207901037948576,5
728,10.621459252350336,7.038927435689455,-0.004104447988574567,10
729,7.23874516743717,7.690014759670378,1.3149780577815076,5
730,7.829488897600083,6.675487307380688,2.0144273387231797,5
731,9.25334075299763,4.641691597610982,1.442575805295304,5
732,7.5565053583295025,7.34468957742067,1.2291024758845464,5
733,10.115236229128424,7.628566270577867,,10
734,8.425592747645188,5.438114348674239,-0.2986954025346533,5
735,8.837141497661692,6.133842518142111,1.4882495560199682,5
736,6.862332874037088,6.74975397010979,0.11624936940877473,5
737,7.96899954882748,6.47116505758346,1.0731689446214847,5
738,9.228717916905438,4.552501848437327,0.49225693470382004,5
739,6.728199324995896,6.859317911880993,2.643932998940506,10
740,7.2414952444747795,5.498914246130923,1.0192270749275625,5
741,5.870092213568842,6.207656456473211,,5
742,7.470870169693134,8.534308367452336,-0.166017404993702,10
743,7.672430032658099,5.660085734048166,,5
744,7.521331093106199,8.034190101327276,1.739524232713679,10
745,7.457348128301587,5.4028523763816105,1.457655050887568,5
746,9.69731605494741,4.577857399304206,1.2937559562841012,5
747,8.718980454984397,6.950879818745456,0.18361847755291383,5
748,8.438950980204144,2.950147967930685,3.151503539075764,10
749,6.123102790312486,8.145852934754968,0.4393826000731811,10
750,8.097264295749127,5.658025211131681,1.1071401828956617,5
751,7.65729221465989,6.06178187645272,-0.2816648248616922,5
752,8.669728217922996,4.85022129723835,2.332259818650971,5
753,7.9535171331732935,4.948460499457945,,5
754,8.367041760111693,7.643486980473367,0.774325909857619,5
755,10.464982519121603,8.054313789164965,,10
756,6.785178326628705,6.057381587187072,0.1864807039695553,5
757,8.928799274041701,4.899763117871479,-0.6992482064553729,5
758,8.758799980988268,7.432030852521498,0.30910368439426317,5
759,6.258767762931409,6.671417317017926,-0.30774518356243186,5
760,6.224712367686253,5.765985691764635,0.014986782686956746,5
761,6.206781818337351,6.509060481078352,0.0019717991784334865,5
762,9.267564721261433,7.187580451240503,,5
763,8.74407662444115,6.634249898276435,,5
764,7.486938993590463,4.961109118489924,,5
765,7.246708899965656,5.04212313589993,0.36326536875914295,5
766,10.496730086386368,4.400197757941359,1.0503343690315907,5
767,10.137983304214222,5.545019121164278,0.17779970741516637,5
768,8.641249047728623,5.560606067810837,1.4070614766322707,5
769,6.101089137435155,6.195168756479128,0.5580409701709119,5
770,9.044362887618338,6.09630636552371,,5
771,8.156148479652858,5.648738741140395,1.7606926261772053,5
772,8.429102654956719,5.282350559374278,0.5699512872936388,5
773,8.069588193620366,6.172157191761913,1.2553991398203035,5
774,9.63707741317516,8.085478093633641,2.296657528275616,10
775,8.344374471815991,5.060494686768102,-1.8082887974174868,5
776,7.260293507446454,5.604491522305405,0.10553908975110049,5
777,9.001196798901852,6.348940036710433,,5
778,8.448208019865222,5.153092318110152,,5
779,8.996649124102923,5.052651746439827,3.1010714484089372,5
780,7.610606697621168,4.487553577240179,0.2920197568838204,5
781,8.45165835213221,6.158447928276966,,5
782,5.723016472485114,6.468884603855911,1.7445988385332702,5
783,6.602466501665693,7.066336378973812,-0.29043574562557595,5
784,7.188165999873743,6.307917058947562,0.8920345713927462,5
785,7.956788899949755,4.715097152484683,1.575604326584929,5
786,7.811299035655527,6.848969606335034,1.9058545693601046,5
787,9.306832771587532,6.348636873117335,2.012944706158901,5
788,8.990909135649606,6.512228683703506,,5
789,8.170442168266607,6.415978771562391,0.023435677606875926,5
790,7.981277544752415,6.41706690911059,,5
791,10.379559544208758,7.470180744380031,0.5938999782633121,10
792,7.2988192718925475,5.5630010042383224,,5
793,9.353319748800493,7.322617833662853,0.5739405008512525,5
794,8.442188299789171,8.07146576676188,-0.4825349672566912,5
795,7.8504553292538475,7.2505804988629645,1.1074974644863411,5
796,8.43560738392781,4.797632340396444,-0.6403833519761661,5
797,7.924934234142905,7.8846769938143035,0.18076969574671609,5
798,10.270942147495251,5.87840527704428,2.12218998288738,5
799,9.074302940132084,6.392003036891842,1.7772304850111431,5
800,6.662833669671312,2.0159152791371757,,2
801,6.910037582093825,1.4646236892447289,1.5272258634655684,2
802,6.906408074987083,2.766389607179229,1.7346793849501425,2
803,5.888298423887787,2.3126157255135937,0.1989711721966262,10
804,6.768202012676953,2.240740736886731,0.2296014927776876,2
805,7.5633179610532535,1.4600342458182882,0.4262656737944488,2
806,7.246870888674594,1.9419480304828167,-0.015342233890747181,2
807,7.0052500103604105,2.8929352469529177,1.06345604635181,2
808,7.475044208762795,1.9243213958511511,0.948390574103221,2
809,6.780962849194407,1.373602319975037,1.388745177915955,2
810,7.151235948869891,1.6828389531595183,0.818629417006431,2
811,6.781089977627783,1.7509837746538475,1.9647660269084928,10
812,6.848848624712332,1.4757235174664536,0.2899910314105124,2
813,7.347374571828003,1.6372013107682077,,2
814,7.663192948343515,1.6527160701343173,0.9251827298361646,2
815,7.882026172983832,2.2000786041836116,,10
816,6.701341965517319,1.8810391351319966,0.2879695455087342,2
817,6.0096017658880365,1.8260439253369236,1.07817448455199,10
818,7.219695850632268,2.0833367476862645,1.317515718446053,2
819,7.1882127655778145,1.4502996047079026,1.149119087103028,2
820,6.86599831452431,2.4012281978981975,1.473625983886874,2
821,7.320065763048796,1.191521977844583,0.9878369378005322,2
822,6.7465918228506565,1.701842980774746,0.9737163518652269,2
823,7.159363826471511,2.4284153059513454,0.6744872033499265,2
824,7.025972697898069,2.3645452810887684,1.0644914553787053,2
825,6.266787836098743,2.260532438226379,0.7121060150934669,2
826,6.586780730670493,1.9507737377872838,,2
827,6.880310411212037,2.5498297979435565,1.3276318653612988,2
828,8.191572387431972,2.472239743495207,0.5435888872779207,10
829,6.6539750761078045,2.768188527122899,1.1431718444461398,2
830,6.922494953454583,2.30703968517304,1.4611033357832635,2
831,7.56970034227165,1.3825870898231738,1.2011708205887746,2
832,6.79841152651341,2.6112225351912137,1.1041374890384301,2
833,7.9614710132401925,2.740257395717212,,10
834,7.193451248929631,1.7445974312155634,0.40968390793879395,2
835,7.3805188625734965,2.060837508246414,,2
836,6.482878579107767,2.3407972591408135,0.5982951679130795,2
837,6.985908885830672,2.2141659352652088,1.033258611191584,2
838,7.558508144047926,1.3420462947442395,0.7692076975926455,2
839,6.421908784089044,2.3905990508549966,,2
840,6.6552251111249,1.7722337482413284,1.0087395795125285,2
841,6.031860097076747,2.0943892983969143,1.2619455119171028,10
842,6.7594864407696065,3.151958348841971,0.46999208863922637,10
843,6.851104560299136,1.845493515476439,0.16199809683501165,2
844,6.7824232241391815,2.9246318642396707,1.3361473785062177,2
845,6.753340058318903,1.728569261991641,1.2080250231307128,2
846,7.7715072977033675,1.3535715451382757,1.1335254346745915,10
847,7.32680929772018,2.432218099429753,0.6289174897967791,2
848,7.199523172820065,0.6137036217866749,,10
849,6.146864904687494,2.975387697615895,0.7451739091241733,10
850,7.04421104352233,1.844556914150764,,2
851,6.844223733936314,2.0280826711148725,,2
852,7.304421917237725,1.4773733169265226,1.6055726448413505,2
853,6.978871424169679,1.5220274997536114,0.8270091121503068,2
854,7.166837163687133,2.747039536578803,0.8974208681170995,2
855,8.12044659960073,2.9337789950749835,0.5113610600617945,10
856,6.447808330285775,2.026082539630487,0.6302185018043434,2
857,7.422181488200773,1.4998923263052175,0.2276144516111942,2
858,7.344909082267394,2.650923114782499,0.6859562201792105,2
859,6.208530801332459,2.3051896895536026,0.40557037110798555,2
860,6.193051076221025,1.8936298598930157,,2
861,6.184900826516977,2.2313911277628873,0.5463508178083789,2
862,7.57616578239156,2.5398092960184107,0.5933178703978985,2
863,7.33821664747325,2.2882954083074702,0.8958506222110025,2
864,6.766790451632028,1.5277768720408749,0.7949751533987257,2
865,6.657594954529843,1.5646014254090592,0.7105751676177923,2
866,8.134877311993804,1.2728171627006177,,10
867,7.971810592824646,1.7931905096201264,0.6262725942796211,10
868,7.291476839876647,1.8002754853685623,1.1850279439237594,2
869,6.136858698834161,2.088713071126876,0.7991095318958691,2
870,7.474710403462881,2.0437756206925957,0.387282240584916,2
871,7.07097658166039,1.8403357914274525,1.3457693755350932,2
872,7.195046661343963,1.67379570880649,,2
873,7.031630997100166,2.078253268982688,1.116090518100138,2
874,7.7441260968978,2.9479445880152917,,10
875,7.156533850825451,1.5729521303491376,-0.27649490791703935,10
876,6.663769776112025,1.8202234192297293,0.5934268589777729,2
877,7.455089454046296,2.158609107595651,1.393163981054488,2
878,7.203730918120555,1.6150419627773418,1.2696245956459087,2
879,7.453022329137693,1.5693871574726488,1.9550324765495168,10
880,6.823003044373258,1.3125243532909905,0.6781907985835547,2
881,7.205299250969186,2.072021785580439,,2
882,5.965007487493233,2.2131293653890505,1.3384540175151227,10
883,6.3647575007571335,2.4846983540790055,,2
884,6.630984545397156,2.139962299521619,0.9509248051785211,2
885,6.980358590886252,1.4159532511294013,1.261638330265877,2
886,6.9142268343888755,2.385895275606834,1.4117520769818657,2
887,7.594014896176151,2.1584713059624248,1.4604294118904095,2
888,7.450413243477094,2.23283121986523,0.23187815686138813,2
889,7.077473712848458,2.1890812598010867,0.5561071261849436,2
890,6.99148979306928,2.189575867777541,2.129654475345426,10
891,8.081617974640345,2.668263974718196,0.8154090810287782,10
892,6.6812814872238855,1.8013640928356012,0.9335597112065221,2
893,7.615145340363861,2.6011899243922056,0.8063365912960239,2
894,7.200994681722351,2.941575348528127,0.3261204694287768,10
895,6.93202514966084,2.5684456813013474,1.0488624838574279,2
896,7.1980033563308226,1.453469245634747,,2
897,6.965879197337684,2.8566713608246834,0.62762258897578,2
898,8.03224643067966,1.9447296713837636,1.5100863558578999,10
899,7.488319518241856,2.178183198587201,1.353286584095974,2
900,9.662833669671311,3.0159152791371757,8.68207696081056,9
901,9.910037582093825,2.464623689244729,9.527225863465569,9
902,9.906408074987084,3.766389607179229,9.734679384950143,9
903,8.888298423887786,3.3126157255135937,8.198971172196627,9
904,9.768202012676953,3.240740736886731,,9
905,10.563317961053254,2.4600342458182882,8.426265673794449,9
906,10.246870888674595,2.9419480304828167,7.984657766109253,9
907,10.00525001036041,3.8929352469529177,9.06345604635181,9
908,10.475044208762794,2.924321395851151,,9
909,9.780962849194406,2.3736023199750367,9.388745177915956,9
910,10.151235948869891,2.6828389531595183,8.81862941700643,9
911,9.781089977627783,2.7509837746538475,,9
912,9.848848624712332,2.4757235174664536,8.289991031410512,9
913,10.347374571828002,2.6372013107682077,8.308318022302473,9
914,10.663192948343514,2.6527160701343173,8.925182729836164,9
915,10.882026172983831,3.2000786041836116,9.489368992052869,9
916,9.701341965517319,2.8810391351319966,8.287969545508734,9
917,9.009601765888036,2.826043925336924,9.07817448455199,9
918,10.219695850632268,3.0833367476862645,9.317515718446053,9
919,10.188212765577815,2.4502996047079026,9.149119087103028,9
920,9.86599831452431,3.4012281978981975,9.473625983886874,9
921,10.320065763048795,2.191521977844583,,9
922,9.746591822850656,2.701842980774746,8.973716351865226,9
923,10.15936382647151,3.4284153059513454,8.674487203349926,9
924,10.02597269789807,3.3645452810887684,9.064491455378706,9
925,9.266787836098743,3.260532438226379,8.712106015093466,9
926,9.586780730670492,2.950773737787284,8.668260856818947,9
927,9.880310411212037,3.5498297979435565,9.3276318653613,9
928,11.191572387431972,3.472239743495207,8.54358888727792,9
929,9.653975076107804,3.768188527122899,9.14317184444614,9
930,9.922494953454583,3.30703968517304,9.461103335783264,9
931,10.56970034227165,2.382587089823174,9.201170820588775,9
932,9.79841152651341,3.6112225351912137,9.10413748903843,9
933,10.961471013240192,3.740257395717212,9.933779480213285,9
934,10.19345124892963,2.7445974312155634,8.409683907938794,9
935,10.380518862573497,3.060837508246414,9.221931616372713,9
936,9.482878579107767,3.3407972591408135,8.59829516791308,9
937,9.985908885830673,3.2141659352652088,,9
938,10.558508144047927,2.3420462947442395,8.769207697592645,9
939,9.421908784089045,3.3905990508549966,9.747242272245684,9
940,9.6552251111249,2.7722337482413284,9.008739579512529,9
941,9.031860097076747,3.0943892983969143,9.261945511917103,9
942,9.759486440769606,4.151958348841971,8.469992088639227,9
943,9.851104560299136,2.8454935154764387,8.161998096835012,9
944,9.782423224139182,3.9246318642396707,9.336147378506217,9
945,9.753340058318903,2.728569261991641,9.208025023130713,9
946,10.771507297703367,2.3535715451382755,9.133525434674592,9
947,10.32680929772018,3.432218099429753,,9
948,10.199523172820065,1.613703621786675,9.977956154125348,9
949,9.146864904687494,3.975387697615895,8.745173909124173,9
950,10.044211043522331,2.8445569141507643,9.048700083134392,9
951,9.844223733936314,3.0280826711148725,8.417425079608321,9
952,10.304421917237725,2.4773733169265224,9.60557264484135,9
953,9.978871424169679,2.5220274997536114,,9
954,10.166837163687134,3.747039536578803,8.8974208681171,9
955,11.12044659960073,3.9337789950749835,8.511361060061795,9
956,9.447808330285774,3.026082539630487,8.630218501804343,9
957,10.422181488200774,2.4998923263052175,8.227614451611194,9
958,10.344909082267394,3.650923114782499,8.68595622017921,9
959,9.20853080133246,3.3051896895536026,8.405570371107986,9
960,9.193051076221025,2.8936298598930157,,9
961,9.184900826516978,3.2313911277628873,8.54635081780838,9
962,10.57616578239156,3.5398092960184107,8.593317870397899,9
963,10.33821664747325,3.2882954083074702,8.895850622211002,9
964,9.766790451632028,2.527776872040875,8.794975153398726,9
965,9.657594954529843,2.564601425409059,8.710575167617792,9
966,11.134877311993804,2.2728171627006177,9.022879258650724,9
967,10.971810592824646,2.793190509620126,8.626272594279621,9
968,10.291476839876648,2.8002754853685623,9.185027943923759,9
969,9.136858698834162,3.088713071126876,,9
970,10.47471040346288,3.0437756206925957,8.387282240584916,9
971,10.07097658166039,2.8403357914274525,9.345769375535093,9
972,10.195046661343964,2.67379570880649,,9
973,10.031630997100166,3.078253268982688,9.116090518100139,9
974,10.7441260968978,3.9479445880152917,9.589389785579826,9
975,10.15653385082545,2.5729521303491376,,9
976,9.663769776112025,2.8202234192297295,,9
977,10.455089454046297,3.158609107595651,9.393163981054489,9
978,10.203730918120556,2.615041962777342,,9
979,10.453022329137692,2.5693871574726486,9.955032476549517,9
980,9.823003044373259,2.3125243532909905,,9
981,10.205299250969187,3.072021785580439,9.727136753481487,9
982,8.965007487493233,3.2131293653890505,9.338454017515122,9
983,9.364757500757133,3.4846983540790055,8.41343829744292,9
984,9.630984545397155,3.139962299521619,8.950924805178522,9
985,9.980358590886253,2.4159532511294013,9.261638330265876,9
986,9.914226834388876,3.385895275606834,9.411752076981866,9
987,10.594014896176152,3.1584713059624248,9.46042941189041,9
988,10.450413243477094,3.23283121986523,8.231878156861388,9
989,10.077473712848459,3.1890812598010867,8.556107126184944,9
990,9.99148979306928,3.189575867777541,10.129654475345426,9
991,11.081617974640345,3.668263974718196,8.815409081028779,9
992,9.681281487223885,2.801364092835601,8.933559711206522,9
993,10.61514534036386,3.6011899243922056,8.806336591296024,9
994,10.200994681722351,3.941575348528127,8.326120469428776,9
995,9.93202514966084,3.5684456813013474,9.048862483857429,9
996,10.198003356330823,2.4534692456347473,,9
997,9.965879197337685,3.8566713608246834,8.62762258897578,9
998,11.03224643067966,2.944729671383764,9.5100863558579,9
999,10.488319518241857,3.178183198587201,9.353286584095974,9
